Type,Name,Request Count,Failure Count,Median Response Time,Average Response Time,Min Response Time,Max Response Time,Average Content Size,Requests/s,Failures/s,50%,66%,75%,80%,90%,95%,98%,99%,99.9%,99.99%,100%
GET,/,121,0,7700.0,10728.285310748572,1678.7640999536961,52296.870100079104,1070090.694214876,2.084462284579867,0.0,7700,10000,12000,15000,22000,26000,48000,50000,52000,52000,52000
,Aggregated,121,0,7700.0,10728.285310748572,1678.7640999536961,52296.870100079104,1070090.694214876,2.084462284579867,0.0,7700,10000,12000,15000,22000,26000,48000,50000,52000,52000,52000
